序号,链接,节点数
0,https://RDZVRN.absslk.xyz/839a0d2a7857e0802ff2598a4fec8da1,0
1,https://gist.githubusercontent.com/peasoft/40b87245630092f30cc98af61190b4e2/raw/,10
2,https://raw.githubusercontent.com/Huibq/TrojanLinks/master/links/vmess,0
3,https://raw.githubusercontent.com/Surfboardv2ray/TGParse/main/python/hy2,8
4,https://raw.githubusercontent.com/Surfboardv2ray/TGParse/main/python/hysteria2,75
5,https://raw.githubusercontent.com/ripaojiedian/freenode/main/clash,15
6,https://raw.githubusercontent.com/ripaojiedian/freenode/main/sub,15
7,https://raw.githubusercontent.com/zhangkaiitugithub/passcro/main/speednodes.yaml,43

总计,,104
